dim,birth,b_x,b_y,b_z,death,d_x,d_y,d_z
0, 255, 334, 248, 0, 254, 335, 248.5, 0
0, 254, 316, 280, 0, 253, 316, 279.5, 0
0, 254, 242, 49, 0, 253, 243, 48.5, 0
0, 254, 241, 51, 0, 253, 242, 50.5, 0
0, 254, 220, 232, 0, 253, 221, 232.5, 0
0, 254, 186, 229, 0, 253, 187, 228.5, 0
0, 254, 118, 206, 0, 253, 119, 208.5, 0
0, 254, 117, 204, 0, 253, 118, 205.5, 0
0, 254, 117, 249, 0, 253, 118, 257.5, 0
0, 254, 116, 202, 0, 253, 117, 203.5, 0
0, 254, 93, 275, 0, 253, 93, 275.5, 0
0, 254, 92, 274, 0, 253, 92, 274.5, 0
0, 253, 333, 243, 0, 252, 334, 244.5, 0
0, 253, 333, 166, 0, 252, 332, 165.5, 0
0, 253, 332, 237, 0, 252, 332, 240.5, 0
0, 253, 325, 162, 0, 252, 326, 162.5, 0
0, 253, 303, 353, 0, 252, 304, 352.5, 0
0, 253, 268, 336, 0, 252, 268, 337.5, 0
0, 253, 266, 112, 0, 252, 266, 111.5, 0
0, 253, 264, 113, 0, 252, 265, 112.5, 0
0, 253, 262, 114, 0, 252, 263, 113.5, 0
0, 253, 260, 115, 0, 252, 261, 114.5, 0
0, 253, 258, 116, 0, 252, 259, 115.5, 0
0, 253, 240, 53, 0, 252, 241, 52.5, 0
0, 253, 238, 56, 0, 252, 238, 55.5, 0
0, 253, 200, 324, 0, 252, 201, 325.5, 0
0, 253, 201, 326, 0, 252, 200, 323.5, 0
0, 253, 196, 318, 0, 252, 196, 318.5, 0
0, 253, 95, 277, 0, 252, 95, 276.5, 0
0, 253, 96, 278, 0, 252, 95, 277.5, 0
0, 253, 88, 271, 0, 252, 89, 271.5, 0
0, 253, 86, 270, 0, 252, 87, 270.5, 0
0, 252, 323, 121, 0, 251, 324, 120.5, 0
0, 252, 324, 161, 0, 251, 324, 161.5, 0
0, 252, 289, 133, 0, 251, 290, 132.5, 0
0, 252, 273, 353, 0, 251, 273, 352.5, 0
0, 253, 269, 339, 0, 251, 271, 344.5, 0
0, 252, 270, 109, 0, 251, 269, 109.5, 0
0, 252, 267, 72, 0, 251, 268, 71.5, 0
0, 252, 263, 75, 0, 251, 264, 74.5, 0
0, 252, 202, 328, 0, 251, 202, 327.5, 0
0, 252, 195, 317, 0, 251, 196, 317.5, 0
0, 252, 194, 287, 0, 251, 194, 287.5, 0
0, 252, 114, 199, 0, 251, 115, 199.5, 0
0, 252, 87, 335, 0, 251, 88, 334.5, 0
0, 251, 271, 108, 0, 250, 271, 108.5, 0
0, 252, 269, 71, 0, 250, 270, 70.5, 0
0, 252, 266, 73, 0, 250, 267, 72.5, 0
0, 251, 262, 76, 0, 250, 262, 75.5, 0
0, 251, 259, 78, 0, 250, 260, 77.5, 0
0, 251, 256, 117, 0, 250, 257, 116.5, 0
0, 251, 150, 121, 0, 250, 152, 121.5, 0
0, 251, 144, 120, 0, 250, 146, 120.5, 0
0, 251, 146, 184, 0, 250, 146, 184.5, 0
0, 251, 143, 183, 0, 250, 143, 183.5, 0
0, 251, 98, 281, 0, 250, 98, 280.5, 0
0, 250, 320, 86, 0, 249, 319, 86.5, 0
0, 251, 318, 88, 0, 249, 319, 87.5, 0
0, 250, 317, 89, 0, 249, 318, 88.5, 0
0, 250, 315, 92, 0, 249, 315, 91.5, 0
0, 250, 273, 68, 0, 249, 272, 68.5, 0
0, 250, 258, 79, 0, 249, 258, 78.5, 0
0, 250, 231, 63, 0, 249, 232, 62.5, 0
0, 250, 230, 64, 0, 249, 231, 63.5, 0
0, 250, 219, 104, 0, 249, 220, 103.5, 0
0, 250, 216, 105, 0, 249, 217, 104.5, 0
0, 250, 181, 253, 0, 249, 181, 257.5, 0
0, 250, 151, 186, 0, 249, 150, 185.5, 0
0, 250, 142, 154, 0, 249, 144, 154.5, 0
0, 250, 140, 119, 0, 249, 141, 119.5, 0
0, 250, 140, 182, 0, 249, 141, 182.5, 0
0, 250, 139, 153, 0, 249, 140, 153.5, 0
0, 250, 136, 152, 0, 249, 137, 152.5, 0
0, 250, 135, 118, 0, 249, 136, 118.5, 0
0, 250, 133, 151, 0, 249, 134, 151.5, 0
0, 250, 131, 117, 0, 249, 132, 117.5, 0
0, 250, 130, 150, 0, 249, 131, 150.5, 0
0, 250, 127, 116, 0, 249, 128, 116.5, 0
0, 250, 124, 115, 0, 249, 125, 115.5, 0
0, 250, 121, 114, 0, 249, 122, 114.5, 0
0, 250, 118, 113, 0, 249, 119, 113.5, 0
0, 250, 115, 112, 0, 249, 116, 112.5, 0
0, 250, 112, 111, 0, 249, 113, 111.5, 0
0, 251, 77, 193, 0, 249, 78, 193.5, 0
0, 250, 75, 192, 0, 249, 76, 192.5, 0
0, 250, 36, 122, 0, 249, 37, 122.5, 0
0, 249, 367, 167, 0, 248, 368, 166.5, 0
0, 249, 358, 306, 0, 248, 358, 307.5, 0
0, 249, 322, 83, 0, 248, 322, 83.5, 0
0, 249, 314, 93, 0, 248, 314, 92.5, 0
0, 249, 287, 198, 0, 248, 287, 198.5, 0
0, 249, 284, 197, 0, 248, 285, 197.5, 0
0, 249, 263, 278, 0, 248, 264, 277.5, 0
0, 249, 262, 280, 0, 248, 262, 279.5, 0
0, 249, 261, 281, 0, 248, 262, 280.5, 0
0, 250, 259, 285, 0, 248, 260, 284.5, 0
0, 249, 255, 81, 0, 248, 256, 80.5, 0
0, 249, 229, 65, 0, 248, 229, 64.5, 0
0, 249, 224, 68, 0, 248, 225, 67.5, 0
0, 249, 224, 102, 0, 248, 223, 102.5, 0
0, 249, 219, 71, 0, 248, 220, 70.5, 0
0, 249, 204, 333, 0, 248, 204, 332.5, 0
0, 249, 151, 375, 0, 248, 152, 375.5, 0
0, 249, 151, 156, 0, 248, 149, 155.5, 0
0, 250, 109, 110, 0, 248, 111, 110.5, 0
0, 249, 107, 109, 0, 248, 108, 109.5, 0
0, 249, 39, 124, 0, 248, 39, 123.5, 0
0, 248, 385, 137, 0, 247, 385, 137.5, 0
0, 249, 371, 166, 0, 247, 356, 168.5, 0
0, 248, 313, 94, 0, 247, 314, 93.5, 0
0, 248, 275, 105, 0, 247, 274, 105.5, 0
0, 248, 265, 329, 0, 247, 266, 329.5, 0
0, 249, 264, 277, 0, 247, 265, 276.5, 0
0, 249, 265, 276, 0, 247, 261, 282.5, 0
0, 248, 254, 82, 0, 247, 255, 81.5, 0
0, 249, 226, 67, 0, 247, 227, 66.5, 0
0, 248, 228, 100, 0, 247, 227, 100.5, 0
0, 249, 223, 69, 0, 247, 224, 68.5, 0
0, 249, 221, 70, 0, 247, 222, 69.5, 0
0, 248, 221, 171, 0, 247, 221, 170.5, 0
0, 248, 223, 173, 0, 247, 221, 171.5, 0
0, 248, 215, 73, 0, 247, 216, 72.5, 0
0, 248, 210, 75, 0, 247, 211, 74.5, 0
0, 248, 207, 76, 0, 247, 208, 75.5, 0
0, 248, 206, 43, 0, 247, 207, 42.5, 0
0, 248, 205, 44, 0, 247, 205, 43.5, 0
0, 248, 203, 45, 0, 247, 204, 44.5, 0
0, 248, 202, 46, 0, 247, 202, 45.5, 0
0, 248, 200, 47, 0, 247, 201, 46.5, 0
0, 248, 207, 42, 0, 247, 199, 47.5, 0
0, 249, 195, 49, 0, 247, 196, 48.5, 0
0, 248, 193, 50, 0, 247, 193, 49.5, 0
0, 248, 191, 283, 0, 247, 191, 283.5, 0
0, 248, 155, 157, 0, 247, 153, 156.5, 0
0, 248, 127, 84, 0, 247, 128, 84.5, 0
0, 248, 125, 83, 0, 247, 126, 83.5, 0
0, 249, 125, 148, 0, 247, 126, 148.5, 0
0, 248, 123, 147, 0, 247, 123, 147.5, 0
0, 249, 105, 108, 0, 247, 106, 108.5, 0
0, 248, 103, 107, 0, 247, 103, 107.5, 0
0, 248, 100, 106, 0, 247, 101, 106.5, 0
0, 248, 101, 286, 0, 247, 101, 285.5, 0
0, 248, 83, 199, 0, 247, 83, 198.5, 0
0, 248, 61, 236, 0, 247, 62, 236.5, 0
0, 248, 25, 149, 0, 247, 26, 149.5, 0
0, 248, 383, 136, 0, 246, 384, 136.5, 0
0, 247, 381, 135, 0, 246, 382, 135.5, 0
0, 247, 323, 82, 0, 246, 323, 82.5, 0
0, 247, 298, 173, 0, 246, 299, 174.5, 0
0, 247, 295, 168, 0, 246, 296, 169.5, 0
0, 247, 296, 170, 0, 246, 296, 170.5, 0
0, 248, 291, 201, 0, 246, 291, 200.5, 0
0, 247, 276, 104, 0, 246, 275, 104.5, 0
0, 247, 266, 275, 0, 246, 266, 275.5, 0
0, 248, 253, 83, 0, 246, 254, 82.5, 0
0, 247, 250, 85, 0, 246, 251, 84.5, 0
0, 247, 242, 355, 0, 246, 242, 357.5, 0
0, 247, 240, 350, 0, 246, 240, 351.5, 0
0, 247, 235, 331, 0, 246, 235, 330.5, 0
0, 247, 230, 99, 0, 246, 231, 98.5, 0
0, 247, 230, 210, 0, 246, 230, 210.5, 0
0, 247, 232, 98, 0, 246, 229, 99.5, 0
0, 247, 227, 208, 0, 246, 228, 208.5, 0
0, 247, 221, 157, 0, 246, 222, 156.5, 0
0, 248, 213, 74, 0, 246, 214, 73.5, 0
0, 247, 210, 40, 0, 246, 210, 39.5, 0
0, 247, 211, 39, 0, 246, 209, 40.5, 0
0, 247, 204, 77, 0, 246, 205, 76.5, 0
0, 247, 199, 78, 0, 246, 200, 77.5, 0
0, 247, 190, 282, 0, 246, 191, 282.5, 0
0, 248, 188, 51, 0, 246, 190, 50.5, 0
0, 247, 189, 280, 0, 246, 189, 280.5, 0
0, 247, 185, 271, 0, 246, 185, 270.5, 0
0, 247, 186, 274, 0, 246, 185, 272.5, 0
0, 247, 184, 394, 0, 246, 185, 393.5, 0
0, 247, 132, 86, 0, 246, 130, 85.5, 0
0, 247, 124, 82, 0, 246, 124, 82.5, 0
0, 247, 122, 81, 0, 246, 122, 81.5, 0
0, 247, 120, 146, 0, 246, 121, 146.5, 0
0, 247, 120, 80, 0, 246, 119, 79.5, 0
0, 247, 117, 78, 0, 246, 117, 78.5, 0
0, 247, 115, 77, 0, 246, 116, 77.5, 0
0, 247, 114, 76, 0, 246, 114, 76.5, 0
0, 247, 112, 196, 0, 246, 113, 196.5, 0
0, 247, 112, 75, 0, 246, 111, 74.5, 0
0, 247, 102, 288, 0, 246, 102, 287.5, 0
0, 247, 98, 105, 0, 246, 99, 105.5, 0
0, 247, 84, 200, 0, 246, 84, 199.5, 0
0, 247, 42, 125, 0, 246, 41, 124.5, 0
0, 246, 360, 303, 0, 245, 360, 303.5, 0
0, 247, 299, 175, 0, 245, 299, 175.5, 0
0, 247, 297, 171, 0, 245, 298, 172.5, 0
0, 247, 294, 167, 0, 245, 295, 167.5, 0
0, 246, 293, 203, 0, 245, 293, 202.5, 0
0, 247, 292, 202, 0, 245, 292, 201.5, 0
0, 246, 277, 103, 0, 245, 276, 103.5, 0
0, 246, 276, 66, 0, 245, 275, 66.5, 0
0, 246, 267, 274, 0, 245, 267, 274.5, 0
0, 246, 249, 86, 0, 245, 250, 85.5, 0
0, 246, 244, 361, 0, 245, 244, 360.5, 0
0, 246, 238, 344, 0, 245, 238, 345.5, 0
0, 246, 236, 336, 0, 245, 236, 335.5, 0
0, 246, 234, 97, 0, 245, 233, 97.5, 0
0, 247, 231, 211, 0, 245, 231, 211.5, 0
0, 247, 226, 207, 0, 245, 227, 207.5, 0
0, 246, 225, 206, 0, 245, 225, 206.5, 0
0, 246, 214, 36, 0, 245, 214, 35.5, 0
0, 246, 215, 35, 0, 245, 213, 36.5, 0
0, 247, 212, 38, 0, 245, 212, 37.5, 0
0, 247, 213, 37, 0, 245, 211, 38.5, 0
0, 250, 203, 227, 0, 245, 210, 228.5, 0
0, 246, 188, 278, 0, 245, 189, 279.5, 0
0, 247, 187, 276, 0, 245, 188, 277.5, 0
0, 250, 182, 260, 0, 245, 187, 275.5, 0
0, 246, 183, 237, 0, 245, 184, 236.5, 0
0, 251, 148, 185, 0, 245, 159, 187.5, 0
0, 246, 150, 372, 0, 245, 151, 372.5, 0
0, 247, 134, 87, 0, 245, 133, 86.5, 0
0, 248, 118, 79, 0, 245, 121, 80.5, 0
0, 246, 118, 145, 0, 245, 119, 145.5, 0
0, 248, 129, 85, 0, 245, 113, 75.5, 0
0, 246, 103, 290, 0, 245, 103, 291.5, 0
0, 246, 104, 293, 0, 245, 102, 289.5, 0
0, 246, 65, 239, 0, 245, 64, 238.5, 0
0, 246, 53, 284, 0, 245, 54, 284.5, 0
0, 246, 44, 126, 0, 245, 43, 125.5, 0
0, 246, 30, 151, 0, 245, 29, 150.5, 0
0, 250, 146, 155, 0, 244, 162.5, 158, 0
0, 245, 380, 134, 0, 244, 380, 134.5, 0
0, 245, 318, 155, 0, 244, 319, 155.5, 0
0, 245, 302, 179, 0, 244, 302, 178.5, 0
0, 246, 293, 165, 0, 244, 294, 165.5, 0
0, 246, 278, 102, 0, 244, 277, 102.5, 0
0, 246, 248, 87, 0, 244, 249, 86.5, 0
0, 245, 245, 89, 0, 244, 246, 88.5, 0
0, 245, 243, 91, 0, 244, 243, 90.5, 0
0, 245, 241, 92, 0, 244, 242, 91.5, 0
0, 245, 242, 186, 0, 244, 240, 185.5, 0
0, 245, 238, 94, 0, 244, 239, 93.5, 0
0, 246, 237, 184, 0, 244, 238, 184.5, 0
0, 245, 237, 339, 0, 244, 238, 342.5, 0
0, 247, 243, 358, 0, 244, 237, 338.5, 0
0, 245, 235, 183, 0, 244, 236, 183.5, 0
0, 246, 235, 96, 0, 244, 234, 96.5, 0
0, 245, 233, 182, 0, 244, 234, 182.5, 0
0, 246, 233, 213, 0, 244, 232, 212.5, 0
0, 245, 223, 205, 0, 244, 224, 205.5, 0
0, 252, 223, 271, 0, 244, 220, 267.5, 0
0, 245, 217, 32, 0, 244, 217, 32.5, 0
0, 245, 206, 339, 0, 244, 206, 338.5, 0
0, 254, 187, 228, 0, 244, 182, 240.5, 0
0, 246, 138, 89, 0, 244, 137, 88.5, 0
0, 245, 135, 310, 0, 244, 135, 309.5, 0
0, 254, 118, 258, 0, 244, 119, 232.5, 0
0, 245, 116, 144, 0, 244, 116, 144.5, 0
0, 245, 105, 295, 0, 244, 104, 293.5, 0
0, 245, 85, 201, 0, 244, 84, 200.5, 0
0, 245, 60, 287, 0, 244, 59, 286.5, 0
0, 246, 58, 286, 0, 244, 57, 285.5, 0
0, 245, 46, 127, 0, 244, 47, 127.5, 0
0, 245, 48, 128, 0, 244, 45, 126.5, 0
0, 245, 34, 152, 0, 244, 35, 152.5, 0
0, 245, 37, 153, 0, 244, 32, 151.5, 0
0, 244, 362, 301, 0, 243, 361, 301.5, 0
0, 245, 361, 302, 0, 243, 360, 302.5, 0
0, 244, 340, 122, 0, 243, 341, 122.5, 0
0, 244, 342, 123, 0, 243, 340, 121.5, 0
0, 245, 294, 204, 0, 243, 294, 203.5, 0
0, 244, 295, 205, 0, 243, 294, 204.5, 0
0, 244, 292, 162, 0, 243, 293, 163.5, 0
0, 244, 281, 267, 0, 243, 282, 266.5, 0
0, 245, 279, 101, 0, 243, 278, 101.5, 0
0, 245, 257, 143, 0, 243, 257, 143.5, 0
0, 245, 244, 90, 0, 243, 245, 89.5, 0
0, 244, 245, 363, 0, 243, 245, 362.5, 0
0, 245, 240, 93, 0, 243, 240, 92.5, 0
0, 250, 222, 103, 0, 243, 238, 94.5, 0
0, 244, 235, 215, 0, 243, 235, 214.5, 0
0, 245, 234, 214, 0, 243, 234, 213.5, 0
0, 244, 232, 181, 0, 243, 232, 181.5, 0
0, 244, 230, 180, 0, 243, 231, 180.5, 0
0, 244, 229, 179, 0, 243, 228, 178.5, 0
0, 244, 221, 26, 0, 243, 221, 25.5, 0
0, 244, 220, 27, 0, 243, 219, 28.5, 0
0, 245, 218, 31, 0, 243, 217, 31.5, 0
0, 254, 198, 321, 0, 243, 207, 342.5, 0
0, 244, 168, 296, 0, 243, 167, 295.5, 0
0, 245, 166, 294, 0, 243, 166, 294.5, 0
0, 245, 165, 293, 0, 243, 165, 293.5, 0
0, 245, 159, 216, 0, 243, 156, 220.5, 0
0, 244, 141, 90, 0, 243, 140, 89.5, 0
0, 244, 114, 143, 0, 243, 114, 143.5, 0
0, 245, 106, 297, 0, 243, 106, 296.5, 0
0, 244, 107, 299, 0, 243, 106, 298.5, 0
0, 244, 86, 203, 0, 243, 86, 202.5, 0
0, 244, 67, 240, 0, 243, 66, 239.5, 0
0, 244, 60, 161, 0, 243, 61, 161.5, 0
0, 244, 50, 98, 0, 243, 50, 98.5, 0
0, 244, 50, 129, 0, 243, 49, 128.5, 0
0, 244, 41, 154, 0, 243, 38, 153.5, 0
0, 244, 287, 265, 0, 242, 290.5, 265, 0
0, 255, 331, 119, 0, 242, 343, 123.5, 0
0, 243, 303, 180, 0, 242, 302, 179.5, 0
0, 243, 296, 207, 0, 242, 296, 206.5, 0
0, 244, 285, 266, 0, 242, 286, 265.5, 0
0, 243, 281, 99, 0, 242, 280, 99.5, 0
0, 244, 280, 100, 0, 242, 279, 100.5, 0
0, 243, 255, 142, 0, 242, 256, 142.5, 0
0, 243, 246, 365, 0, 242, 245, 364.5, 0
0, 243, 246, 187, 0, 242, 244, 186.5, 0
0, 246, 239, 185, 0, 242, 230, 179.5, 0
0, 243, 224, 18, 0, 242, 223, 20.5, 0
0, 244, 222, 24, 0, 242, 223, 22.5, 0
0, 243, 222, 204, 0, 242, 222, 204.5, 0
0, 244, 223, 22, 0, 242, 221, 26.5, 0
0, 243, 195, 17, 0, 242, 195, 16.5, 0
0, 243, 169, 297, 0, 242, 168, 296.5, 0
0, 245, 164, 292, 0, 242, 165, 292.5, 0
0, 244, 163, 291, 0, 242, 164, 291.5, 0
0, 243, 150, 214, 0, 242, 149, 217.5, 0
0, 243, 143, 91, 0, 242, 142, 90.5, 0
0, 243, 115, 335, 0, 242, 116, 337.5, 0
0, 243, 117, 344, 0, 242, 116, 341.5, 0
0, 243, 112, 142, 0, 242, 112, 142.5, 0
0, 243, 109, 141, 0, 242, 110, 141.5, 0
0, 243, 109, 305, 0, 242, 109, 304.5, 0
0, 244, 108, 302, 0, 242, 108, 301.5, 0
0, 244, 91, 101, 0, 242, 92, 101.5, 0
0, 243, 89, 100, 0, 242, 90, 100.5, 0
0, 243, 86, 318, 0, 242, 86, 319.5, 0
0, 243, 64, 163, 0, 242, 63, 162.5, 0
0, 243, 63, 289, 0, 242, 62, 288.5, 0
0, 244, 61, 288, 0, 242, 61, 287.5, 0
0, 244, 58, 160, 0, 242, 59, 160.5, 0
0, 244, 55, 159, 0, 242, 56, 159.5, 0
0, 244, 52, 158, 0, 242, 54, 158.5, 0
0, 243, 52, 130, 0, 242, 51, 129.5, 0
0, 244, 49, 157, 0, 242, 51, 157.5, 0
0, 243, 47, 156, 0, 242, 48, 156.5, 0
0, 244, 44, 155, 0, 242, 45, 155.5, 0
0, 244, 62, 162, 0, 242, 42, 154.5, 0
0, 242, 365, 298, 0, 241, 364, 298.5, 0
0, 242, 341, 201, 0, 241, 339, 201.5, 0
0, 242, 304, 181, 0, 241, 303, 180.5, 0
0, 242, 299, 213, 0, 241, 299, 213.5, 0
0, 242, 297, 208, 0, 241, 296, 207.5, 0
0, 242, 290, 240, 0, 241, 291, 239.5, 0
0, 242, 282, 98, 0, 241, 281, 98.5, 0
0, 243, 279, 268, 0, 241, 280, 267.5, 0
0, 242, 276, 269, 0, 241, 277, 268.5, 0
0, 242, 270, 272, 0, 241, 270, 272.5, 0
0, 242, 261, 146, 0, 241, 260, 145.5, 0
0, 243, 225, 16, 0, 241, 225, 17.5, 0
0, 243, 194, 18, 0, 241, 194, 17.5, 0
0, 242, 175, 78, 0, 241, 177, 78.5, 0
0, 243, 162, 290, 0, 241, 163, 290.5, 0
0, 242, 161, 289, 0, 241, 162, 289.5, 0
0, 242, 118, 349, 0, 241, 117, 347.5, 0
0, 242, 108, 140, 0, 241, 108, 140.5, 0
0, 242, 87, 204, 0, 241, 86, 203.5, 0
0, 242, 85, 315, 0, 241, 85, 316.5, 0
0, 249, 62, 237, 0, 241, 69, 240.5, 0
0, 242, 67, 164, 0, 241, 65, 163.5, 0
0, 242, 64, 290, 0, 241, 64, 289.5, 0
0, 242, 54, 131, 0, 241, 53, 130.5, 0
0, 242, 52, 100, 0, 241, 52, 99.5, 0
0, 252, 176, 189, 0, 240, 183.5, 189, 0
0, 241, 368, 296, 0, 240, 367, 296.5, 0
0, 241, 343, 200, 0, 240, 342, 200.5, 0
0, 241, 305, 182, 0, 240, 304, 181.5, 0
0, 242, 298, 210, 0, 240, 298, 209.5, 0
0, 249, 288, 199, 0, 240, 298, 211.5, 0
0, 244, 282, 242, 0, 240, 289, 240.5, 0
0, 241, 275, 270, 0, 240, 275, 269.5, 0
0, 241, 273, 271, 0, 240, 273, 270.5, 0
0, 250, 260, 284, 0, 240, 271, 271.5, 0
0, 241, 259, 394, 0, 240, 259, 394.5, 0
0, 241, 220, 203, 0, 240, 221, 203.5, 0
0, 242, 193, 19, 0, 240, 194, 18.5, 0
0, 241, 170, 77, 0, 240, 171, 77.5, 0
0, 241, 170, 298, 0, 240, 169, 297.5, 0
0, 241, 160, 288, 0, 240, 161, 288.5, 0
0, 241, 159, 287, 0, 240, 160, 287.5, 0
0, 241, 148, 367, 0, 240, 148, 367.5, 0
0, 241, 114, 331, 0, 240, 114, 332.5, 0
0, 241, 110, 308, 0, 240, 110, 307.5, 0
0, 241, 106, 139, 0, 240, 106, 139.5, 0
0, 242, 88, 99, 0, 240, 89, 99.5, 0
0, 242, 84, 313, 0, 240, 85, 314.5, 0
0, 241, 82, 309, 0, 240, 83, 310.5, 0
0, 242, 83, 311, 0, 240, 83, 311.5, 0
0, 241, 79, 304, 0, 240, 80, 305.5, 0
0, 241, 80, 306, 0, 240, 80, 306.5, 0
0, 241, 78, 303, 0, 240, 78, 303.5, 0
0, 241, 66, 291, 0, 240, 65, 290.5, 0
0, 241, 56, 132, 0, 240, 55, 131.5, 0
0, 241, 54, 101, 0, 240, 53, 100.5, 0
0, 240, 371, 294, 0, 239, 370, 294.5, 0
0, 241, 369, 295, 0, 239, 368, 295.5, 0
0, 242, 366, 297, 0, 239, 366, 297.5, 0
0, 240, 346, 199, 0, 239, 344, 199.5, 0
0, 241, 324, 198, 0, 239, 325, 198.5, 0
0, 240, 277, 372, 0, 239, 277, 371.5, 0
0, 247, 222, 156, 0, 239, 219, 163.5, 0
0, 241, 192, 20, 0, 239, 193, 19.5, 0
0, 240, 191, 21, 0, 239, 191, 20.5, 0
0, 240, 158, 286, 0, 239, 159, 286.5, 0
0, 245, 167, 295, 0, 239, 158, 285.5, 0
0, 246, 134, 305, 0, 239, 134, 296.5, 0
0, 240, 119, 355, 0, 239, 119, 354.5, 0
0, 240, 88, 206, 0, 239, 88, 205.5, 0
0, 241, 81, 307, 0, 239, 82, 308.5, 0
0, 241, 76, 301, 0, 239, 77, 301.5, 0
0, 240, 75, 299, 0, 239, 76, 300.5, 0
0, 240, 73, 297, 0, 239, 73, 297.5, 0
0, 240, 72, 296, 0, 239, 72, 296.5, 0
0, 240, 71, 295, 0, 239, 71, 295.5, 0
0, 240, 70, 294, 0, 239, 70, 294.5, 0
0, 240, 68, 293, 0, 239, 69, 293.5, 0
0, 241, 68, 165, 0, 239, 68, 164.5, 0
0, 241, 67, 292, 0, 239, 68, 292.5, 0
0, 241, 77, 302, 0, 239, 66, 291.5, 0
0, 240, 58, 133, 0, 239, 57, 132.5, 0
0, 240, 31, 181, 0, 239, 32, 181.5, 0
0, 240, 355, 196, 0, 238, 356, 195.5, 0
0, 240, 352, 197, 0, 238, 353, 196.5, 0
0, 240, 348, 198, 0, 238, 350, 197.5, 0
0, 240, 358, 195, 0, 238, 347, 198.5, 0
0, 239, 306, 183, 0, 238, 305, 182.5, 0
0, 239, 290, 157, 0, 238, 290, 157.5, 0
0, 239, 284, 95, 0, 238, 284, 95.5, 0
0, 239, 262, 147, 0, 238, 262, 146.5, 0
0, 239, 258, 391, 0, 238, 259, 392.5, 0
0, 239, 232, 394, 0, 238, 232, 393.5, 0
0, 239, 225, 151, 0, 238, 225, 151.5, 0
0, 239, 218, 202, 0, 238, 219, 202.5, 0
0, 239, 190, 22, 0, 238, 190, 21.5, 0
0, 239, 167, 76, 0, 238, 168, 76.5, 0
0, 239, 149, 93, 0, 238, 148, 92.5, 0
0, 239, 147, 364, 0, 238, 148, 365.5, 0
0, 239, 146, 362, 0, 238, 146, 362.5, 0
0, 239, 143, 61, 0, 238, 144, 61.5, 0
0, 239, 144, 62, 0, 238, 143, 60.5, 0
0, 240, 141, 59, 0, 238, 142, 59.5, 0
0, 239, 109, 192, 0, 238, 109, 192.5, 0
0, 240, 104, 138, 0, 238, 105, 138.5, 0
0, 239, 102, 137, 0, 238, 103, 137.5, 0
0, 240, 85, 97, 0, 238, 86, 97.5, 0
0, 239, 84, 96, 0, 238, 84, 96.5, 0
0, 247, 55, 285, 0, 238, 78, 302.5, 0
0, 239, 71, 166, 0, 238, 70, 165.5, 0
0, 239, 60, 134, 0, 238, 59, 133.5, 0
0, 239, 57, 315, 0, 238, 58, 316.5, 0
0, 239, 56, 314, 0, 238, 56, 314.5, 0
0, 240, 55, 102, 0, 238, 55, 101.5, 0
0, 238, 384, 162, 0, 237, 384, 162.5, 0
0, 238, 361, 194, 0, 237, 359, 194.5, 0
0, 238, 328, 313, 0, 237, 328, 312.5, 0
0, 239, 316, 128, 0, 237, 317, 127.5, 0
0, 238, 308, 100, 0, 237, 308, 99.5, 0
0, 238, 307, 184, 0, 237, 306, 183.5, 0
0, 238, 279, 64, 0, 237, 279, 64.5, 0
0, 238, 278, 376, 0, 237, 278, 375.5, 0
0, 238, 275, 240, 0, 237, 276, 240.5, 0
0, 238, 257, 388, 0, 237, 257, 389.5, 0
0, 238, 249, 372, 0, 237, 248, 370.5, 0
0, 238, 171, 299, 0, 237, 170, 298.5, 0
0, 238, 147, 64, 0, 237, 146, 63.5, 0
0, 238, 145, 359, 0, 237, 145, 360.5, 0
0, 240, 140, 58, 0, 237, 141, 58.5, 0
0, 239, 139, 57, 0, 237, 140, 57.5, 0
0, 239, 138, 56, 0, 237, 138, 56.5, 0
0, 238, 137, 55, 0, 237, 137, 55.5, 0
0, 238, 120, 361, 0, 237, 121, 365.5, 0
0, 244, 116, 340, 0, 237, 120, 360.5, 0
0, 238, 100, 136, 0, 237, 101, 136.5, 0
0, 238, 89, 208, 0, 237, 88, 207.5, 0
0, 238, 62, 135, 0, 237, 61, 134.5, 0
0, 238, 59, 105, 0, 237, 59, 104.5, 0
0, 239, 58, 104, 0, 237, 57, 103.5, 0
0, 239, 55, 313, 0, 237, 55, 313.5, 0
0, 238, 54, 312, 0, 237, 54, 312.5, 0
0, 255, 332, 205, 0, 236, 331, 220.5, 0
0, 237, 326, 316, 0, 236, 326, 315.5, 0
0, 237, 315, 130, 0, 236, 315, 129.5, 0
0, 237, 315, 149, 0, 236, 315, 149.5, 0
0, 237, 308, 185, 0, 236, 307, 184.5, 0
0, 247, 300, 176, 0, 236, 289, 153.5, 0
0, 238, 285, 94, 0, 236, 285, 94.5, 0
0, 237, 256, 386, 0, 236, 257, 387.5, 0
0, 237, 255, 384, 0, 236, 255, 384.5, 0
0, 237, 250, 374, 0, 236, 249, 372.5, 0
0, 237, 188, 23, 0, 236, 189, 22.5, 0
0, 237, 171, 125, 0, 236, 171, 124.5, 0
0, 238, 164, 75, 0, 236, 165, 75.5, 0
0, 237, 161, 74, 0, 236, 162, 74.5, 0
0, 237, 151, 94, 0, 236, 150, 93.5, 0
0, 237, 148, 65, 0, 236, 147, 64.5, 0
0, 238, 143, 355, 0, 236, 144, 356.5, 0
0, 237, 142, 352, 0, 236, 142, 353.5, 0
0, 237, 113, 325, 0, 236, 114, 327.5, 0
0, 237, 99, 135, 0, 236, 99, 135.5, 0
0, 237, 72, 167, 0, 236, 72, 166.5, 0
0, 237, 61, 106, 0, 236, 60, 105.5, 0
0, 238, 59, 318, 0, 236, 58, 317.5, 0
0, 237, 52, 311, 0, 236, 53, 311.5, 0
0, 237, 30, 180, 0, 236, 31, 180.5, 0
0, 254, 363, 267, 0, 235, 373.5, 266, 0
0, 236, 364, 193, 0, 235, 363, 193.5, 0
0, 237, 330, 310, 0, 235, 330, 310.5, 0
0, 236, 327, 77, 0, 235, 327, 77.5, 0
0, 238, 327, 314, 0, 235, 327, 313.5, 0
0, 236, 320, 195, 0, 235, 321, 195.5, 0
0, 236, 262, 317, 0, 235, 263, 318.5, 0
0, 236, 254, 382, 0, 235, 254, 382.5, 0
0, 236, 251, 376, 0, 235, 250, 374.5, 0
0, 236, 208, 197, 0, 235, 207, 196.5, 0
0, 236, 161, 26, 0, 235, 162, 26.5, 0
0, 236, 159, 73, 0, 235, 160, 73.5, 0
0, 236, 150, 67, 0, 235, 151, 67.5, 0
0, 255, 152, 278, 0, 235, 151, 269.5, 0
0, 237, 149, 66, 0, 235, 148, 65.5, 0
0, 238, 144, 357, 0, 235, 145, 358.5, 0
0, 237, 141, 350, 0, 235, 142, 351.5, 0
0, 236, 139, 343, 0, 235, 139, 344.5, 0
0, 236, 133, 52, 0, 235, 134, 52.5, 0
0, 236, 108, 191, 0, 235, 109, 191.5, 0
0, 236, 81, 94, 0, 235, 82, 94.5, 0
0, 237, 60, 320, 0, 235, 60, 319.5, 0
0, 236, 49, 309, 0, 235, 50, 309.5, 0
0, 235, 41, 306, 0, 234, 40.5, 307, 0
0, 235, 332, 307, 0, 234, 332, 307.5, 0
0, 235, 325, 317, 0, 234, 326, 316.5, 0
0, 235, 319, 194, 0, 234, 319, 194.5, 0
0, 235, 314, 132, 0, 234, 315, 131.5, 0
0, 236, 307, 101, 0, 234, 308, 100.5, 0
0, 236, 309, 186, 0, 234, 308, 185.5, 0
0, 236, 302, 41, 0, 234, 303, 40.5, 0
0, 235, 287, 91, 0, 234, 287, 91.5, 0
0, 235, 253, 379, 0, 234, 253, 380.5, 0
0, 235, 252, 377, 0, 234, 252, 378.5, 0
0, 243, 260, 397, 0, 234, 251, 376.5, 0
0, 235, 227, 148, 0, 234, 227, 148.5, 0
0, 235, 215, 200, 0, 234, 215, 200.5, 0
0, 235, 187, 24, 0, 234, 187, 23.5, 0
0, 236, 166, 28, 0, 234, 165, 27.5, 0
0, 235, 158, 72, 0, 234, 158, 72.5, 0
0, 235, 154, 70, 0, 234, 155, 70.5, 0
0, 235, 154, 95, 0, 234, 153, 94.5, 0
0, 235, 153, 69, 0, 234, 152, 68.5, 0
0, 236, 151, 68, 0, 234, 150, 66.5, 0
0, 236, 140, 346, 0, 234, 141, 348.5, 0
0, 235, 112, 316, 0, 234, 112, 315.5, 0
0, 252, 122, 381, 0, 234, 112, 320.5, 0
0, 236, 97, 134, 0, 234, 98, 134.5, 0
0, 235, 95, 133, 0, 234, 96, 133.5, 0
0, 251, 78, 194, 0, 234, 90, 213.5, 0
0, 235, 66, 137, 0, 234, 65, 136.5, 0
0, 236, 62, 107, 0, 234, 62, 106.5, 0
0, 255, 39, 186, 0, 234, 61, 187.5, 0
0, 237, 51, 310, 0, 234, 52, 310.5, 0
0, 236, 47, 308, 0, 234, 48, 308.5, 0
0, 236, 44, 307, 0, 234, 45, 307.5, 0
0, 235, 29, 179, 0, 234, 29, 179.5, 0
0, 234, 316, 192, 0, 233, 317, 192.5, 0
0, 234, 313, 189, 0, 233, 313, 189.5, 0
0, 234, 314, 190, 0, 233, 312, 188.5, 0
0, 235, 311, 188, 0, 233, 311, 187.5, 0
0, 236, 310, 187, 0, 233, 310, 186.5, 0
0, 234, 301, 43, 0, 233, 301, 42.5, 0
0, 234, 273, 239, 0, 233, 273, 239.5, 0
0, 235, 212, 199, 0, 233, 213, 199.5, 0
0, 235, 210, 198, 0, 233, 209, 197.5, 0
0, 234, 172, 300, 0, 233, 172, 299.5, 0
0, 235, 156, 71, 0, 233, 157, 71.5, 0
0, 234, 138, 338, 0, 233, 138, 340.5, 0
0, 235, 132, 51, 0, 233, 133, 51.5, 0
0, 234, 123, 269, 0, 233, 122, 268.5, 0
0, 235, 80, 93, 0, 233, 81, 93.5, 0
0, 234, 79, 92, 0, 233, 79, 92.5, 0
0, 234, 74, 168, 0, 233, 74, 167.5, 0
0, 235, 65, 109, 0, 233, 64, 108.5, 0
0, 234, 61, 322, 0, 233, 61, 321.5, 0
0, 233, 367, 192, 0, 232, 366, 192.5, 0
0, 233, 333, 306, 0, 232, 332, 306.5, 0
0, 233, 313, 136, 0, 232, 314, 135.5, 0
0, 234, 315, 191, 0, 232, 314, 190.5, 0
0, 233, 306, 102, 0, 232, 307, 101.5, 0
0, 233, 288, 90, 0, 232, 287, 90.5, 0
0, 233, 234, 397, 0, 232, 233, 396.5, 0
0, 234, 228, 147, 0, 232, 228, 147.5, 0
0, 247, 232, 212, 0, 232, 211, 198.5, 0
0, 233, 185, 25, 0, 232, 186, 24.5, 0
0, 240, 142, 60, 0, 232, 154, 69.5, 0
0, 234, 131, 50, 0, 232, 131, 50.5, 0
0, 233, 130, 49, 0, 232, 130, 49.5, 0
0, 233, 128, 48, 0, 232, 129, 48.5, 0
0, 233, 67, 111, 0, 232, 67, 110.5, 0
0, 234, 68, 138, 0, 232, 67, 137.5, 0
0, 252, 290, 132, 0, 231, 316, 191.5, 0
0, 254, 328, 164, 0, 231, 314, 142.5, 0
0, 232, 289, 88, 0, 231, 289, 88.5, 0
0, 232, 280, 383, 0, 231, 280, 382.5, 0
0, 232, 211, 132, 0, 231, 209, 132.5, 0
0, 233, 156, 96, 0, 231, 155, 95.5, 0
0, 232, 124, 45, 0, 231, 125, 45.5, 0
0, 234, 94, 132, 0, 231, 95, 132.5, 0
0, 232, 71, 140, 0, 231, 70, 139.5, 0
0, 233, 69, 139, 0, 231, 68, 138.5, 0
0, 234, 66, 110, 0, 231, 66, 109.5, 0
0, 251, 51, 219, 0, 231, 55, 231.5, 0
0, 232, 29, 247, 0, 231, 29, 247.5, 0
0, 255, 24, 237, 0, 231, 28, 245.5, 0
0, 232, 26, 177, 0, 231, 27, 177.5, 0
1, 238, 152.5, 213, 0, 231, 152.5, 217.5, 0
0, 231, 235, 399, 0, 230, 234, 398.5, 0
0, 232, 229, 146, 0, 230, 229, 146.5, 0
0, 231, 214, 131, 0, 230, 215, 130.5, 0
0, 231, 217, 130, 0, 230, 212, 131.5, 0
0, 231, 183, 26, 0, 230, 184, 25.5, 0
0, 231, 162, 48, 0, 230, 163, 48.5, 0
0, 232, 158, 24, 0, 230, 159, 24.5, 0
0, 233, 127, 47, 0, 230, 128, 47.5, 0
0, 232, 126, 46, 0, 230, 126, 46.5, 0
0, 232, 123, 44, 0, 230, 124, 44.5, 0
0, 231, 124, 271, 0, 230, 124, 270.5, 0
0, 231, 76, 90, 0, 230, 77, 90.5, 0
0, 231, 76, 169, 0, 230, 76, 168.5, 0
0, 232, 70, 113, 0, 230, 69, 112.5, 0
0, 231, 62, 325, 0, 230, 62, 324.5, 0
0, 231, 23, 175, 0, 230, 24, 175.5, 0
0, 232, 21, 174, 0, 230, 20, 173.5, 0
0, 232, 18, 172, 0, 230, 19, 172.5, 0
0, 230, 381, 290, 0, 229, 379, 290.5, 0
0, 230, 370, 191, 0, 229, 368, 191.5, 0
0, 231, 299, 46, 0, 229, 299, 45.5, 0
0, 230, 298, 48, 0, 229, 298, 47.5, 0
0, 230, 271, 238, 0, 229, 272, 238.5, 0
0, 231, 236, 401, 0, 229, 235, 400.5, 0
0, 231, 220, 129, 0, 229, 218, 129.5, 0
0, 230, 159, 97, 0, 229, 158, 96.5, 0
0, 230, 157, 23, 0, 229, 157, 23.5, 0
0, 231, 122, 43, 0, 229, 123, 43.5, 0
0, 230, 105, 166, 0, 229, 104, 165.5, 0
0, 232, 91, 130, 0, 229, 92, 130.5, 0
0, 230, 90, 129, 0, 229, 90, 129.5, 0
0, 230, 88, 128, 0, 229, 89, 128.5, 0
0, 232, 84, 71, 0, 229, 86, 71.5, 0
0, 231, 82, 70, 0, 229, 83, 70.5, 0
0, 230, 80, 69, 0, 229, 80, 69.5, 0
0, 230, 72, 115, 0, 229, 72, 114.5, 0
0, 230, 73, 141, 0, 229, 72, 140.5, 0
0, 230, 50, 260, 0, 229, 48, 259.5, 0
0, 231, 25, 176, 0, 229, 26, 176.5, 0
0, 233, 19, 173, 0, 229, 22, 174.5, 0
0, 234, 30, 284, 0, 228, 31.5, 283, 0
0, 230, 384, 289, 0, 228, 420, 288.5, 0
0, 230, 317, 57, 0, 228, 318, 56.5, 0
0, 229, 291, 85, 0, 228, 291, 85.5, 0
0, 231, 290, 87, 0, 228, 290, 87.5, 0
0, 238, 248, 0, 0, 228, 246, 27.5, 0
0, 230, 230, 145, 0, 228, 230, 145.5, 0
0, 229, 223, 128, 0, 228, 221, 128.5, 0
0, 255, 185, 153, 0, 228, 190, 145.5, 0
0, 229, 180, 27, 0, 228, 181, 26.5, 0
0, 229, 124, 175, 0, 228, 125, 175.5, 0
0, 230, 121, 42, 0, 228, 122, 42.5, 0
0, 230, 106, 167, 0, 228, 107, 167.5, 0
0, 230, 108, 168, 0, 228, 105, 166.5, 0
0, 230, 102, 164, 0, 228, 102, 164.5, 0
0, 229, 100, 163, 0, 228, 101, 163.5, 0
0, 230, 78, 68, 0, 228, 79, 68.5, 0
0, 230, 75, 89, 0, 228, 76, 89.5, 0
0, 231, 71, 114, 0, 228, 71, 113.5, 0
0, 230, 420, 288, 0, 227, 383, 289.5, 0
0, 228, 372, 190, 0, 227, 371, 190.5, 0
0, 229, 335, 303, 0, 227, 334, 303.5, 0
0, 228, 299, 74, 0, 227, 299, 73.5, 0
0, 229, 297, 49, 0, 227, 297, 48.5, 0
0, 228, 296, 78, 0, 227, 296, 77.5, 0
0, 228, 292, 84, 0, 227, 292, 83.5, 0
0, 228, 242, 122, 0, 227, 243, 121.5, 0
0, 228, 231, 144, 0, 227, 231, 144.5, 0
0, 237, 163, 27, 0, 227, 178, 27.5, 0
0, 229, 161, 98, 0, 227, 160, 97.5, 0
0, 229, 128, 277, 0, 227, 128, 277.5, 0
0, 229, 120, 41, 0, 227, 121, 41.5, 0
0, 228, 110, 169, 0, 227, 109, 168.5, 0
0, 229, 87, 127, 0, 227, 88, 127.5, 0
0, 228, 85, 125, 0, 227, 85, 125.5, 0
0, 228, 76, 143, 0, 227, 75, 142.5, 0
0, 228, 74, 88, 0, 227, 74, 88.5, 0
0, 229, 75, 117, 0, 227, 74, 116.5, 0
0, 229, 74, 142, 0, 227, 73, 141.5, 0
0, 229, 63, 263, 0, 227, 66, 263.5, 0
0, 229, 59, 262, 0, 227, 61, 262.5, 0
0, 229, 54, 261, 0, 227, 52, 260.5, 0
0, 248, 234, 276, 0, 226, 228.5, 274, 0
0, 227, 389, 184, 0, 226, 390, 183.5, 0
0, 252, 369, 218, 0, 226, 379, 209.5, 0
0, 227, 339, 293, 0, 226, 339, 292.5, 0
0, 228, 316, 58, 0, 226, 317, 57.5, 0
0, 228, 301, 71, 0, 226, 302, 70.5, 0
0, 228, 300, 72, 0, 226, 301, 71.5, 0
0, 228, 298, 75, 0, 226, 298, 74.5, 0
0, 228, 294, 81, 0, 226, 295, 79.5, 0
0, 228, 293, 82, 0, 226, 291, 84.5, 0
0, 228, 265, 181, 0, 226, 265, 180.5, 0
0, 227, 177, 127, 0, 226, 176, 126.5, 0
0, 228, 170, 101, 0, 226, 171, 101.5, 0
0, 228, 164, 99, 0, 226, 163, 98.5, 0
0, 227, 127, 275, 0, 226, 128, 276.5, 0
0, 228, 103, 0, 0, 226, 104, 47.5, 0
0, 229, 99, 162, 0, 226, 100, 162.5, 0
0, 229, 86, 126, 0, 226, 86, 126.5, 0
0, 228, 83, 124, 0, 226, 84, 124.5, 0
0, 228, 78, 120, 0, 226, 80, 121.5, 0
0, 228, 77, 119, 0, 226, 78, 119.5, 0
0, 228, 81, 122, 0, 226, 77, 118.5, 0
0, 229, 76, 118, 0, 226, 75, 117.5, 0
0, 228, 62, 337, 0, 226, 62, 335.5, 0
0, 254, 94, 276, 0, 226, 57, 261.5, 0
0, 227, 336, 301, 0, 225, 336, 301.5, 0
0, 227, 303, 69, 0, 225, 303, 69.5, 0
0, 226, 303, 106, 0, 225, 303, 105.5, 0
0, 228, 297, 76, 0, 225, 298, 75.5, 0
0, 227, 296, 50, 0, 225, 297, 49.5, 0
0, 228, 295, 79, 0, 225, 295, 78.5, 0
0, 226, 296, 117, 0, 225, 295, 117.5, 0
0, 228, 302, 70, 0, 225, 293, 81.5, 0
0, 227, 267, 177, 0, 225, 268, 175.5, 0
0, 228, 266, 179, 0, 225, 267, 178.5, 0
0, 227, 264, 182, 0, 225, 265, 181.5, 0
0, 227, 263, 183, 0, 225, 264, 182.5, 0
0, 227, 262, 184, 0, 225, 263, 183.5, 0
0, 242, 267, 159, 0, 225, 261, 184.5, 0
0, 227, 226, 127, 0, 225, 225, 127.5, 0
0, 227, 167, 100, 0, 225, 168, 100.5, 0
0, 252, 270, 70, 0, 225, 165, 99.5, 0
0, 226, 159, 47, 0, 225, 160, 47.5, 0
0, 227, 126, 274, 0, 225, 126, 273.5, 0
0, 253, 133, 284, 0, 225, 126, 274.5, 0
0, 227, 122, 174, 0, 225, 123, 174.5, 0
0, 227, 112, 170, 0, 225, 111, 169.5, 0
0, 227, 105, 50, 0, 225, 104, 49.5, 0
0, 227, 98, 161, 0, 225, 98, 161.5, 0
0, 226, 97, 160, 0, 225, 97, 160.5, 0
0, 228, 82, 123, 0, 225, 83, 123.5, 0
0, 226, 79, 145, 0, 225, 78, 144.5, 0
0, 225, 337, 299, 0, 224, 337, 299.5, 0
0, 227, 315, 59, 0, 224, 316, 58.5, 0
0, 226, 314, 60, 0, 224, 314, 59.5, 0
0, 227, 304, 68, 0, 224, 304, 68.5, 0
0, 231, 300, 381, 0, 224, 299, 373.5, 0
0, 226, 284, 61, 0, 224, 283, 61.5, 0
0, 246, 258, 144, 0, 224, 265, 150.5, 0
0, 226, 233, 143, 0, 224, 232, 143.5, 0
0, 225, 217, 363, 0, 224, 217, 362.5, 0
0, 225, 117, 172, 0, 224, 116, 171.5, 0
0, 226, 115, 171, 0, 224, 114, 170.5, 0
0, 244, 51, 99, 0, 224, 82, 122.5, 0
0, 227, 77, 144, 0, 224, 77, 143.5, 0
0, 225, 71, 86, 0, 224, 72, 86.5, 0
0, 225, 28, 201, 0, 224, 28, 201.5, 0
0, 224, 386, 185, 0, 223, 387, 184.5, 0
0, 224, 377, 188, 0, 223, 376, 188.5, 0
0, 225, 375, 189, 0, 223, 374, 189.5, 0
0, 225, 338, 296, 0, 223, 338, 295.5, 0
0, 224, 330, 73, 0, 223, 330, 73.5, 0
0, 224, 307, 65, 0, 223, 308, 64.5, 0
0, 224, 309, 64, 0, 223, 307, 65.5, 0
0, 225, 306, 66, 0, 223, 306, 66.5, 0
0, 226, 305, 67, 0, 223, 305, 67.5, 0
0, 224, 294, 53, 0, 223, 294, 52.5, 0
0, 224, 268, 236, 0, 223, 269, 236.5, 0
0, 225, 265, 233, 0, 223, 265, 232.5, 0
0, 224, 260, 307, 0, 223, 261, 307.5, 0
0, 224, 179, 128, 0, 223, 178, 127.5, 0
0, 225, 140, 33, 0, 223, 140, 32.5, 0
0, 254, 119, 209, 0, 223, 137, 325.5, 0
0, 225, 120, 173, 0, 223, 121, 173.5, 0
0, 224, 118, 38, 0, 223, 118, 38.5, 0
0, 231, 103, 165, 0, 223, 118, 172.5, 0
0, 229, 104, 48, 0, 223, 106, 53.5, 0
0, 224, 94, 158, 0, 223, 95, 158.5, 0
0, 224, 82, 147, 0, 223, 81, 146.5, 0
0, 223, 383, 186, 0, 222, 384, 185.5, 0
0, 223, 358, 103, 0, 222, 357, 102.5, 0
0, 238, 329, 311, 0, 222, 338, 297.5, 0
0, 224, 311, 62, 0, 222, 312, 61.5, 0
0, 224, 310, 63, 0, 222, 309, 63.5, 0
0, 224, 302, 107, 0, 222, 302, 106.5, 0
0, 223, 293, 54, 0, 222, 293, 53.5, 0
0, 224, 239, 123, 0, 222, 240, 122.5, 0
0, 223, 235, 142, 0, 222, 234, 142.5, 0
0, 224, 229, 126, 0, 222, 228, 126.5, 0
0, 223, 184, 131, 0, 222, 185, 131.5, 0
0, 223, 103, 185, 0, 222, 103, 185.5, 0
0, 224, 93, 157, 0, 222, 94, 157.5, 0
0, 224, 83, 148, 0, 222, 82, 147.5, 0
0, 225, 80, 146, 0, 222, 80, 145.5, 0
0, 224, 70, 85, 0, 222, 70, 85.5, 0
0, 222, 420, 159, 0, 221, 395, 159.5, 0
0, 223, 380, 187, 0, 221, 381, 186.5, 0
0, 240, 420, 181, 0, 221, 379, 187.5, 0
0, 223, 297, 115, 0, 221, 296, 115.5, 0
0, 223, 266, 234, 0, 221, 265, 233.5, 0
0, 222, 264, 201, 0, 221, 263, 201.5, 0
0, 222, 261, 205, 0, 221, 261, 204.5, 0
0, 222, 181, 129, 0, 221, 180, 128.5, 0
0, 222, 141, 34, 0, 221, 140, 33.5, 0
0, 223, 92, 156, 0, 221, 93, 156.5, 0
0, 222, 87, 151, 0, 221, 87, 151.5, 0
0, 222, 88, 152, 0, 221, 86, 150.5, 0
0, 223, 67, 83, 0, 221, 68, 83.5, 0
0, 224, 64, 81, 0, 221, 64, 80.5, 0
0, 255, 303, 265, 0, 220, 312, 268.5, 0
0, 236, 323, 0, 0, 220, 311, 62.5, 0
0, 222, 300, 110, 0, 220, 300, 109.5, 0
0, 221, 299, 111, 0, 220, 298, 112.5, 0
0, 222, 298, 113, 0, 220, 298, 113.5, 0
0, 222, 292, 55, 0, 220, 292, 54.5, 0
0, 221, 291, 56, 0, 220, 291, 55.5, 0
0, 221, 288, 58, 0, 220, 289, 57.5, 0
0, 223, 267, 235, 0, 220, 268, 235.5, 0
0, 255, 260, 225, 0, 220, 266, 234.5, 0
0, 224, 262, 203, 0, 220, 263, 202.5, 0
0, 222, 232, 125, 0, 220, 231, 125.5, 0
0, 221, 183, 130, 0, 220, 183, 130.5, 0
0, 221, 102, 184, 0, 220, 102, 184.5, 0
0, 223, 91, 155, 0, 220, 92, 155.5, 0
0, 222, 89, 153, 0, 220, 88, 152.5, 0
0, 223, 84, 149, 0, 220, 85, 149.5, 0
0, 223, 85, 150, 0, 220, 83, 148.5, 0
0, 225, 63, 0, 0, 220, 66, 82.5, 0
0, 221, 360, 105, 0, 219, 361, 105.5, 0
0, 221, 359, 104, 0, 219, 358, 103.5, 0
0, 221, 290, 57, 0, 219, 290, 56.5, 0
0, 222, 287, 59, 0, 219, 288, 58.5, 0
0, 239, 303, 0, 0, 219, 286, 59.5, 0
0, 221, 265, 200, 0, 219, 264, 200.5, 0
0, 221, 239, 141, 0, 219, 240, 140.5, 0
0, 222, 235, 124, 0, 219, 237, 123.5, 0
0, 253, 267, 111, 0, 219, 234, 124.5, 0
0, 251, 156, 122, 0, 219, 182, 129.5, 0
0, 220, 176, 303, 0, 219, 175, 302.5, 0
0, 223, 90, 154, 0, 219, 91, 154.5, 0
0, 251, 37, 123, 0, 219, 89, 153.5, 0
0, 220, 83, 172, 0, 219, 82, 171.5, 0
0, 220, 31, 196, 0, 219, 31, 195.5, 0
0, 255, 199, 292, 0, 218, 193.5, 225, 0
0, 255, 350, 90, 0, 218, 359, 104.5, 0
0, 251, 319, 87, 0, 218, 300, 110.5, 0
0, 219, 101, 183, 0, 218, 101, 183.5, 0
0, 219, 30, 198, 0, 218, 30, 197.5, 0
0, 236, 258, 159, 0, 217, 262.5, 159, 0
0, 218, 332, 70, 0, 217, 332, 70.5, 0
0, 218, 268, 198, 0, 217, 269, 197.5, 0
0, 253, 272, 350, 0, 217, 259, 301.5, 0
0, 218, 221, 370, 0, 217, 221, 370.5, 0
0, 218, 154, 45, 0, 217, 155, 45.5, 0
0, 255, 24, 207, 0, 217, 30, 198.5, 0
0, 217, 312, 311, 0, 216, 311, 311.5, 0
0, 219, 266, 199, 0, 216, 267, 198.5, 0
0, 224, 263, 202, 0, 216, 266, 199.5, 0
0, 217, 85, 173, 0, 216, 84, 172.5, 0
0, 216, 333, 69, 0, 214, 333, 69.5, 0
0, 216, 220, 367, 0, 214, 221, 368.5, 0
0, 255, 211, 356, 0, 214, 219, 366.5, 0
0, 215, 185, 309, 0, 214, 186, 309.5, 0
0, 214, 337, 64, 0, 213, 338, 63.5, 0
0, 214, 144, 38, 0, 213, 144, 37.5, 0
0, 214, 87, 174, 0, 213, 86, 173.5, 0
0, 215, 25, 263, 0, 213, 26, 262.5, 0
0, 213, 335, 67, 0, 212, 335, 66.5, 0
0, 214, 334, 68, 0, 212, 334, 67.5, 0
0, 216, 338, 0, 0, 212, 333, 68.5, 0
0, 213, 391, 253, 0, 211, 392, 251.5, 0
0, 255, 372, 234, 0, 211, 362, 226.5, 0
0, 212, 313, 310, 0, 211, 312, 310.5, 0
0, 212, 179, 305, 0, 211, 178, 304.5, 0
0, 212, 145, 39, 0, 211, 145, 38.5, 0
0, 212, 89, 175, 0, 211, 88, 174.5, 0
0, 213, 24, 264, 0, 211, 24, 263.5, 0
0, 255, 385, 263, 0, 210, 391, 253.5, 0
0, 212, 184, 308, 0, 210, 184, 308.5, 0
0, 212, 151, 43, 0, 210, 151, 43.5, 0
0, 213, 97, 180, 0, 210, 98, 180.5, 0
0, 210, 181, 306, 0, 209, 180, 305.5, 0
0, 211, 149, 42, 0, 209, 150, 42.5, 0
0, 211, 148, 41, 0, 209, 147, 40.5, 0
0, 211, 96, 179, 0, 209, 96, 179.5, 0
0, 210, 91, 176, 0, 209, 90, 175.5, 0
0, 255, 35, 255, 0, 209, 24, 224.5, 0
0, 210, 320, 327, 0, 208, 321, 326.5, 0
0, 210, 182, 307, 0, 208, 183, 307.5, 0
0, 233, 137, 0, 0, 208, 148, 41.5, 0
0, 211, 94, 178, 0, 208, 95, 178.5, 0
0, 248, 386, 138, 0, 207, 373, 123.5, 0
0, 255, 152, 244, 0, 207, 181, 306.5, 0
0, 210, 93, 177, 0, 207, 93, 177.5, 0
0, 248, 27, 150, 0, 207, 92, 176.5, 0
0, 254, 233, 321, 0, 206, 233, 312.5, 0
0, 245, 173, 341, 0, 206, 166, 352.5, 0
0, 206, 319, 329, 0, 205, 319, 328.5, 0
0, 207, 316, 333, 0, 205, 316, 333.5, 0
0, 253, 298, 317, 0, 204, 290, 315.5, 0
0, 204, 318, 330, 0, 203, 317, 331.5, 0
0, 205, 317, 332, 0, 203, 316, 332.5, 0
0, 248, 343, 278, 0, 201, 319, 329.5, 0
0, 203, 315, 307, 0, 201, 315, 307.5, 0
0, 201, 316, 304, 0, 199, 316, 303.5, 0
0, 255, 287, 305, 0, 198, 316, 305.5, 0
0, 198, 324, 357, 0, 197, 324, 357.5, 0
0, 255, 307, 345, 0, 194, 341, 266.5, 0
0, 193, 325, 354, 0, 192, 324, 355.5, 0
0, 194, 198, 367, 0, 192, 198, 366.5, 0
0, 194, 326, 352, 0, 191, 327, 351.5, 0
0, 232, 322, 367, 0, 191, 325, 353.5, 0
0, 255, 193, 382, 0, 191, 198, 367.5, 0
0, 255, 399, 241, 0, 174, 397, 226.5, 0
0, 254, 196, 191, 0, 113, 244, 231.5, 0
0, 255, 221, 233, 0, 103, 213.5, 301, 0
0, 253, 216, 262, 0, 101, 244, 269.5, 0
0, 255, 336, 251, 0, 100, 350.5, 273, 0
0, 255, 166, 325, 0, 89, 169.5, 334, 0
0, 255, 154, 390, 0, 74, 141.5, 280, 0
0, 255, 250, 251, 0, 72, 247.5, 224, 0
0, 247, 153, 222, 0, 70, 152, 232.5, 0
0, 251, 357, 309, 0, 68, 420, 280.5, 0
0, 255, 315, 277, 0, 65, 318.5, 311, 0
1, 64, 317.5, 313, 0, 63, 318.5, 312.5, 0
0, 250, 218, 168, 0, 62, 262, 193.5, 0
1, 63, 319.5, 309, 0, 62, 319.5, 310.5, 0
0, 255, 234, 300, 0, 61, 233.5, 241, 0
1, 62, 145, 232.5, 0, 61, 145.5, 232.5, 0
1, 198, 182, 349.5, 0, 55, 173.5, 350.5, 0
0, 57, 378, 306, 0, 53, 376.5, 309, 0
0, 254, 243, 47, 0, 49, 111.5, 44, 0
0, 255, 227, 386, 0, 48, 98.5, 173, 0
1, 48, 102, 174.5, 0, 47, 100.5, 174.5, 0
0, 252, 88, 331, 0, 46, 90, 352.5, 0
0, 255, 344, 342, 0, 45, 355.5, 337, 0
1, 46, 88, 353.5, 0, 45, 88.5, 353.5, 0
0, 255, 178, 359, 0, 44, 168, 308.5, 0
0, 255, 356, 135, 0, 43, 367.5, 135, 0
0, 255, 195, 137, 0, 42, 231, 134.5, 0
1, 43, 170, 309.5, 0, 42, 168.5, 309.5, 0
0, 249, 197, 48, 0, 40, 142, 46.5, 0
0, 255, 107, 71, 0, 37, 299.5, 59, 0
0, 255, 301, 228, 0, 37, 256.5, 267, 0
0, 255, 371, 112, 0, 36, 343.5, 0, 0
1, 36, 254.5, 237, 0, 35, 250.5, 234.5, 0
1, 35, 69.5, 0, 0, 34, 69.5, 74.5, 0
0, 243, 196, 16, 0, 33, 146.5, 27, 0
0, 62, 375, 311, 0, 32, 379.5, 304, 0
1, 33, 145.5, 0, 0, 32, 146.5, 26.5, 0
0, 35, 175, 0, 0, 30, 176.5, 0, 0
0, 255, 88, 236, 0, 30, 79, 180.5, 0
1, 31, 145.5, 327, 0, 30, 145.5, 326.5, 0
0, 30, 364, 0, 0, 29, 362.5, 0, 0
0, 255, 277, 29, 0, 29, 256.5, 42, 0
0, 255, 95, 365, 0, 29, 25, 273.5, 0
1, 30, 349.5, 260, 0, 29, 348.5, 261.5, 0
1, 30, 343.5, 306, 0, 29, 344.5, 305.5, 0
1, 30, 175, 114.5, 0, 29, 175.5, 115.5, 0
1, 30, 76, 179.5, 0, 29, 76.5, 180.5, 0
1, 29, 369, 202.5, 0, 28, 369.5, 202.5, 0
1, 29, 322.5, 337, 0, 28, 323.5, 336.5, 0
1, 29, 161, 37.5, 0, 28, 161.5, 38.5, 0
1, 29, 73, 178.5, 0, 28, 73.5, 179.5, 0
1, 28, 338.5, 76, 0, 27, 339.5, 75.5, 0
1, 28, 336.5, 80, 0, 27, 337.5, 79.5, 0
1, 28, 321.5, 339, 0, 27, 322.5, 338.5, 0
1, 28, 278.5, 156, 0, 27, 278.5, 158.5, 0
1, 28, 127.5, 339, 0, 27, 127.5, 342.5, 0
1, 27, 336.5, 82, 0, 26, 336.5, 81.5, 0
1, 28, 319.5, 345, 0, 26, 320.5, 344.5, 0
1, 30, 326.5, 332, 0, 26, 319.5, 347.5, 0
0, 239, 58, 317, 0, 25, 70.5, 346, 0
1, 26, 385, 174.5, 0, 25, 385.5, 174.5, 0
1, 26, 382, 175.5, 0, 25, 382.5, 175.5, 0
1, 25, 389, 172.5, 0, 24, 387.5, 173.5, 0
1, 25, 155, 83.5, 0, 24, 155.5, 84.5, 0
1, 24, 275.5, 148, 0, 23, 276.5, 149.5, 0
1, 30, 165, 38.5, 0, 23, 152.5, 34.5, 0
1, 24, 34.5, 216, 0, 23, 34.5, 215.5, 0
1, 23, 394, 170.5, 0, 22, 392.5, 171.5, 0
1, 23, 297.5, 95, 0, 22, 296.5, 96.5, 0
1, 22, 397, 169.5, 0, 21, 395.5, 170.5, 0
1, 22, 287.5, 109, 0, 21, 288.5, 108.5, 0
1, 22, 71, 253.5, 0, 21, 71.5, 254.5, 0
1, 21, 370, 179.5, 0, 20, 370.5, 179.5, 0
1, 21, 301.5, 87, 0, 20, 300.5, 89.5, 0
1, 21, 299, 250.5, 0, 20, 296.5, 251.5, 0
1, 21, 268.5, 388, 0, 20, 269.5, 389.5, 0
1, 21, 148, 79.5, 0, 20, 148.5, 80.5, 0
1, 21, 74, 154.5, 0, 20, 74.5, 155.5, 0
1, 21, 71.5, 341, 0, 20, 71.5, 343.5, 0
1, 21, 66, 252.5, 0, 20, 66.5, 253.5, 0
1, 21, 60, 90.5, 0, 20, 60.5, 91.5, 0
1, 25, 55.5, 0, 0, 20, 56.5, 89.5, 0
0, 170, 209, 403, 0, 19, 199.5, 398, 0
1, 20, 387, 195.5, 0, 19, 384.5, 196.5, 0
1, 20, 329.5, 285, 0, 19, 328.5, 291.5, 0
1, 20, 307.5, 79, 0, 19, 308.5, 78.5, 0
1, 20, 304.5, 84, 0, 19, 304.5, 83.5, 0
1, 24, 294.5, 100, 0, 19, 303.5, 85.5, 0
1, 20, 266.5, 383, 0, 19, 267.5, 384.5, 0
1, 20, 71, 152.5, 0, 19, 71.5, 153.5, 0
1, 19, 308, 327.5, 0, 18, 308.5, 327.5, 0
1, 20, 302.5, 330, 0, 18, 306.5, 328.5, 0
1, 19, 286.5, 44, 0, 18, 287.5, 43.5, 0
1, 19, 287.5, 42, 0, 18, 282.5, 49.5, 0
1, 19, 67, 150.5, 0, 18, 67.5, 151.5, 0
1, 19, 33.5, 226, 0, 18, 34.5, 229.5, 0
1, 19, 34.5, 230, 0, 18, 33.5, 225.5, 0
1, 18, 227, 115.5, 0, 17, 225.5, 116.5, 0
1, 18, 219.5, 400, 0, 17, 221.5, 401.5, 0
1, 18, 217, 397.5, 0, 17, 217.5, 398.5, 0
1, 18, 63, 148.5, 0, 17, 63.5, 149.5, 0
1, 18, 61, 120.5, 0, 17, 61.5, 121.5, 0
1, 17, 347.5, 240, 0, 16, 348.5, 242.5, 0
1, 17, 309.5, 375, 0, 16, 309.5, 374.5, 0
1, 20, 291.5, 336, 0, 16, 296.5, 333.5, 0
1, 17, 102.5, 240, 0, 16, 102.5, 239.5, 0
1, 17, 100.5, 244, 0, 16, 101.5, 243.5, 0
1, 17, 58, 146.5, 0, 16, 58.5, 147.5, 0
1, 17, 56, 299.5, 0, 16, 56.5, 300.5, 0
1, 17, 54, 298.5, 0, 16, 54.5, 299.5, 0
1, 18, 52, 297.5, 0, 16, 52.5, 298.5, 0
1, 17, 50, 296.5, 0, 16, 50.5, 297.5, 0
1, 18, 46, 295.5, 0, 16, 47.5, 296.5, 0
1, 18, 36, 294.5, 0, 16, 41.5, 295.5, 0
1, 22, 316, 108.5, 0, 15, 306.5, 119.5, 0
1, 18, 245.5, 281, 0, 15, 244.5, 284.5, 0
1, 23, 121.5, 311, 0, 15, 124.5, 324.5, 0
1, 16, 93.5, 192, 0, 15, 93.5, 191.5, 0
1, 15, 367.5, 0, 0, 14, 365.5, 96.5, 0
1, 15, 178, 91.5, 0, 14, 175.5, 91.5, 0
1, 15, 121, 161.5, 0, 14, 121.5, 162.5, 0
1, 15, 123, 162.5, 0, 14, 111.5, 157.5, 0
1, 15, 99.5, 318, 0, 14, 99.5, 319.5, 0
1, 15, 95.5, 195, 0, 14, 96.5, 196.5, 0
1, 15, 96.5, 197, 0, 14, 95.5, 194.5, 0
1, 15, 53, 144.5, 0, 14, 53.5, 145.5, 0
1, 14, 241.5, 386, 0, 13, 241.5, 385.5, 0
1, 18, 223.5, 403, 0, 13, 208.5, 395.5, 0
1, 15, 203, 246.5, 0, 13, 198.5, 245.5, 0
1, 14, 139, 167.5, 0, 13, 139.5, 168.5, 0
1, 14, 142, 168.5, 0, 13, 136.5, 167.5, 0
1, 15, 135, 166.5, 0, 13, 132.5, 166.5, 0
1, 14, 98.5, 201, 0, 13, 98.5, 200.5, 0
1, 14, 98.5, 315, 0, 13, 98.5, 316.5, 0
1, 14, 96.5, 312, 0, 13, 97.5, 313.5, 0
1, 14, 51, 143.5, 0, 13, 51.5, 144.5, 0
0, 20, 91, 0, 0, 12, 91.5, 0, 0
1, 14, 334.5, 358, 0, 12, 332.5, 358.5, 0
1, 13, 243.5, 391, 0, 12, 244.5, 392.5, 0
1, 13, 242.5, 388, 0, 12, 243.5, 390.5, 0
1, 15, 246.5, 399, 0, 12, 242.5, 387.5, 0
1, 13, 234.5, 260, 0, 12, 235.5, 261.5, 0
1, 13, 233.5, 258, 0, 12, 234.5, 259.5, 0
1, 13, 146, 169.5, 0, 12, 143.5, 169.5, 0
1, 13, 100.5, 204, 0, 12, 99.5, 203.5, 0
1, 13, 94.5, 307, 0, 12, 95.5, 308.5, 0
1, 13, 48, 142.5, 0, 12, 48.5, 143.5, 0
1, 12, 261.5, 371, 0, 11, 262.5, 372.5, 0
1, 12, 238, 110.5, 0, 11, 236.5, 111.5, 0
1, 12, 227.5, 360, 0, 11, 228.5, 361.5, 0
1, 12, 193, 34.5, 0, 11, 193.5, 34.5, 0
1, 12, 203.5, 26, 0, 11, 188.5, 36.5, 0
1, 12, 92.5, 303, 0, 11, 93.5, 304.5, 0
1, 12, 72.5, 324, 0, 11, 73.5, 326.5, 0
1, 12, 45, 141.5, 0, 11, 45.5, 142.5, 0
1, 20, 368.5, 320, 0, 10, 370.5, 311.5, 0
1, 17, 338.5, 104, 0, 10, 350.5, 112.5, 0
1, 11, 243, 107.5, 0, 10, 241.5, 108.5, 0
1, 16, 204.5, 179, 0, 10, 212.5, 185.5, 0
1, 11, 209.5, 17, 0, 10, 210.5, 16.5, 0
1, 11, 208.5, 19, 0, 10, 209.5, 18.5, 0
1, 12, 210.5, 0, 0, 10, 208.5, 20.5, 0
1, 11, 173, 64.5, 0, 10, 169.5, 64.5, 0
1, 11, 91.5, 301, 0, 10, 92.5, 302.5, 0
1, 19, 64.5, 307, 0, 10, 72.5, 322.5, 0
1, 24, 57, 272.5, 0, 10, 36.5, 271.5, 0
0, 11, 15, 190, 0, 9, 15, 192.5, 0
1, 10, 378, 249.5, 0, 9, 378.5, 249.5, 0
1, 10, 376, 250.5, 0, 9, 376.5, 250.5, 0
1, 10, 273.5, 127, 0, 9, 274.5, 126.5, 0
1, 37, 228.5, 224, 0, 9, 236.5, 231.5, 0
1, 10, 225.5, 352, 0, 9, 225.5, 353.5, 0
1, 10, 198.5, 270, 0, 9, 199.5, 271.5, 0
1, 10, 186, 65.5, 0, 9, 186.5, 65.5, 0
1, 10, 193, 64.5, 0, 9, 175.5, 65.5, 0
1, 10, 106, 124.5, 0, 9, 104.5, 124.5, 0
1, 10, 102.5, 214, 0, 9, 102.5, 213.5, 0
1, 9, 373, 251.5, 0, 8, 373.5, 251.5, 0
1, 9, 258.5, 363, 0, 8, 259.5, 365.5, 0
1, 9, 138, 103.5, 0, 8, 138.5, 104.5, 0
1, 11, 366, 281.5, 0, 7, 371.5, 280.5, 0
1, 16, 363, 252.5, 0, 7, 370.5, 252.5, 0
1, 8, 302.5, 152, 0, 7, 302.5, 153.5, 0
1, 15, 307.5, 165, 0, 7, 301.5, 151.5, 0
1, 28, 288, 334.5, 0, 7, 288.5, 345.5, 0
1, 8, 256.5, 355, 0, 7, 256.5, 356.5, 0
1, 8, 255.5, 352, 0, 7, 255.5, 353.5, 0
1, 8, 253.5, 348, 0, 7, 254.5, 350.5, 0
1, 37, 245.5, 289, 0, 7, 248.5, 274.5, 0
1, 8, 217.5, 330, 0, 7, 217.5, 329.5, 0
1, 8, 203, 61.5, 0, 7, 201.5, 62.5, 0
1, 20, 197.5, 250, 0, 7, 196.5, 259.5, 0
1, 8, 131, 101.5, 0, 7, 131.5, 102.5, 0
1, 31, 290.5, 385, 0, 6, 282.5, 329.5, 0
1, 7, 280, 283.5, 0, 6, 280.5, 283.5, 0
1, 7, 282, 282.5, 0, 6, 275.5, 286.5, 0
1, 28, 279.5, 161, 0, 6, 269.5, 132.5, 0
1, 7, 252.5, 342, 0, 6, 252.5, 343.5, 0
1, 7, 231, 81.5, 0, 6, 231.5, 81.5, 0
1, 7, 228.5, 39, 0, 6, 229.5, 38.5, 0
1, 20, 209.5, 283, 0, 6, 207.5, 246.5, 0
1, 7, 208, 59.5, 0, 6, 206.5, 60.5, 0
1, 7, 209, 90.5, 0, 6, 206.5, 91.5, 0
1, 7, 135.5, 378, 0, 6, 135.5, 377.5, 0
1, 7, 123, 98.5, 0, 6, 123.5, 99.5, 0
1, 7, 118, 129.5, 0, 6, 116.5, 129.5, 0
1, 17, 102.5, 237, 0, 6, 104.5, 224.5, 0
1, 19, 101.5, 328, 0, 6, 79.5, 285.5, 0
1, 8, 41.5, 0, 0, 6, 42.5, 110.5, 0
1, 6, 226, 84.5, 0, 5, 226.5, 84.5, 0
1, 6, 224, 85.5, 0, 5, 224.5, 85.5, 0
1, 6, 219, 87.5, 0, 5, 219.5, 87.5, 0
1, 6, 216, 88.5, 0, 5, 216.5, 88.5, 0
1, 11, 249.5, 66, 0, 5, 213.5, 89.5, 0
1, 6, 190.5, 344, 0, 5, 191.5, 346.5, 0
1, 8, 187.5, 337, 0, 5, 190.5, 343.5, 0
1, 6, 124, 131.5, 0, 5, 121.5, 131.5, 0
1, 8, 57, 200.5, 0, 5, 62.5, 203.5, 0
1, 6, 39, 168.5, 0, 5, 37.5, 168.5, 0
1, 20, 220, 117.5, 0, 4, 261.5, 95.5, 0
1, 21, 270.5, 391, 0, 4, 249.5, 330.5, 0
1, 10, 215.5, 322, 0, 4, 220.5, 338.5, 0
1, 23, 236.5, 18, 0, 4, 213.5, 56.5, 0
1, 14, 186, 171.5, 0, 4, 159.5, 172.5, 0
1, 5, 133, 134.5, 0, 4, 130.5, 134.5, 0
1, 19, 21, 161.5, 0, 4, 45.5, 171.5, 0
1, 23, 81, 254.5, 0, 4, 40.5, 240.5, 0
1, 14, 364, 151.5, 0, 3, 346.5, 153.5, 0
1, 30, 177, 115.5, 0, 3, 191.5, 120.5, 0
1, 4, 144, 137.5, 0, 3, 141.5, 137.5, 0
1, 6, 29, 136.5, 0, 3, 29.5, 136.5, 0
1, 27, 283.5, 213, 0, 2, 273.5, 209.5, 0
1, 6, 260.5, 0, 0, 2, 259.5, 23.5, 0
1, 25, 197.5, 164, 0, 2, 203.5, 153.5, 0
1, 15, 183, 209.5, 0, 2, 201.5, 210.5, 0
1, 17, 159, 140.5, 0, 2, 146.5, 138.5, 0
1, 3, 106, 91.5, 0, 2, 106.5, 92.5, 0
1, 3, 104, 90.5, 0, 2, 104.5, 91.5, 0
1, 3, 99, 88.5, 0, 2, 99.5, 89.5, 0
1, 37, 75, 77.5, 0, 2, 97.5, 88.5, 0
1, 16, 70.5, 210, 0, 2, 40.5, 204.5, 0
1, 2, 346.5, 219, 0, 1, 347.5, 218.5, 0
1, 17, 349.5, 243, 0, 1, 346.5, 221.5, 0
1, 2, 334, 184.5, 0, 1, 334.5, 185.5, 0
1, 24, 301.5, 134, 0, 1, 330.5, 184.5, 0
1, 35, 338, 151.5, 0, 1, 328.5, 140.5, 0
1, 28, 296.5, 286, 0, 1, 288.5, 282.5, 0
1, 21, 229.5, 195, 0, 1, 194.5, 170.5, 0
1, 4, 137.5, 390, 0, 1, 136.5, 387.5, 0
1, 25, 159.5, 86, 0, 1, 121.5, 61.5, 0
1, 19, 105.5, 268, 0, 1, 116.5, 285.5, 0
1, 68, 385.5, 237, 0, 0, 384.5, 226.5, 0
1, 32, 393, 150.5, 0, 0, 368.5, 149.5, 0
1, 30, 344.5, 304, 0, 0, 356.5, 286.5, 0
1, 29, 371, 201.5, 0, 0, 352.5, 252.5, 0
1, 33, 316.5, 354, 0, 0, 337.5, 324.5, 0
1, 26, 387, 173.5, 0, 0, 330.5, 99.5, 0
1, 16, 323.5, 260, 0, 0, 329.5, 270.5, 0
1, 19, 315.5, 232, 0, 0, 314.5, 213.5, 0
1, 26, 285, 253.5, 0, 0, 312.5, 247.5, 0
1, 34, 269.5, 308, 0, 0, 302.5, 295.5, 0
1, 29, 297.5, 191, 0, 0, 279.5, 180.5, 0
1, 198, 258, 212.5, 0, 0, 277.5, 226.5, 0
1, 32, 330.5, 0, 0, 0, 266.5, 256.5, 0
1, 26, 275, 53.5, 0, 0, 257.5, 57.5, 0
1, 20, 236.5, 163, 0, 0, 249.5, 173.5, 0
1, 33, 87, 139.5, 0, 0, 243.5, 203.5, 0
1, 219, 237, 141.5, 0, 0, 238.5, 157.5, 0
1, 27, 221, 246.5, 0, 0, 228.5, 249.5, 0
1, 60, 238, 286.5, 0, 0, 215.5, 292.5, 0
1, 19, 235.5, 374, 0, 0, 208.5, 309.5, 0
1, 182, 207.5, 386, 0, 0, 206.5, 376.5, 0
1, 37, 186.5, 368, 0, 0, 181.5, 328.5, 0
1, 27, 156, 199.5, 0, 0, 173.5, 209.5, 0
1, 14, 168.5, 397, 0, 0, 169.5, 379.5, 0
1, 25, 77.5, 106, 0, 0, 166.5, 140.5, 0
1, 16, 166.5, 249, 0, 0, 166.5, 271.5, 0
1, 29, 172.5, 218, 0, 0, 165.5, 237.5, 0
1, 28, 160.5, 367, 0, 0, 152.5, 344.5, 0
1, 31, 145.5, 320, 0, 0, 149.5, 304.5, 0
1, 23, 134.5, 212, 0, 0, 135.5, 202.5, 0
1, 8, 132.5, 241, 0, 0, 134.5, 232.5, 0
1, 43, 197, 304.5, 0, 0, 134.5, 264.5, 0
1, 22, 107.5, 361, 0, 0, 99.5, 349.5, 0
1, 24, 34.5, 214, 0, 0, 96.5, 255.5, 0
1, 12, 87.5, 0, 0, 0, 88.5, 59.5, 0
1, 28, 128.5, 345, 0, 0, 73.5, 222.5, 0
1, 1, 15, 189.5, 0, 0, 15.5, 192.5, 0
